,0
0,0
4i Tech,Taipei
Adolf Würth GmbH & Co. KG Taiwan Branch,Kaohsiung
AES motomation Taiwan Ltd.,Taichung
AGS Four Winds Taiwan Ltd.,Taipei
"AIXTRON Taiwan Co., Ltd.",Hsinchu
Allianz Taiwan Life Insurance Company Ltd.,Taipei
ALLOD Asia Ltd.,Taichung
Arburg GmbH + Co KG Taiwan Branch,Taichung
"Argox Information Co.,Ltd.",New Taipei City
"ASYS Automatic Systems Co., Ltd.",Taoyuan
atg Luther & Maelzer Asia Ltd.,Taoyuan
Atotech Taiwan Ltd.,Taipei
Audi Volkswagen Taiwan,Taipei
AUTOBLOK COMPANY LIMITED (SMW-AUTOBLOK TAIWAN),Taichung
"B. Braun Taiwan Co., Ltd.",Taipei
Balluff Taiwan Ltd.,Taichung
BASF Taiwan Ltd.,Taipei
Bayer Taiwan Company Ltd.,Taipei
Becker Electronics Taiwan Ltd.,Taoyuan
"Beckhoff Automation Co., Ltd",Taichung
Boehringer Ingelheim Taiwan Ltd.,Taipei
"Bosch Rexroth Co., Ltd.",Taoyuan
Bremen invest,Taipei
"Brenntag Taiwan Co., Ltd",Taipei
BSH Home Appliances,Taipei
Burkert Taiwan Ltd,Taipei
Busch Taiwan Corp.,Hukou Township
"cab Technology Co., Ltd.",New Taipei City
"CARL ZEISS CO., LTD",
"Celinius Co., Ltd.",Taipei
centrotherm Asia Pte. Ltd. Taiwan Branch,Zhubei City
ChineseContext Translation and Interpretation Services,Taipei
Chuwa Chemical Group Corp.,Taichung
Commerzbank AG Taipei Representative Office,Taipei
Covestro (Taiwan) Ltd.,Taipei
Crown Relocations,Taipei
Cvilux,New Taipei City
DAS Asia Limited Taiwan Branch,Hsinchu
DEinternational Taiwan Ltd.,Taipei
"DEKRA Testing and Certification Co., Ltd.",New Taipei City
Dennemeyer Group,Taipei
Deutsche Bank AG Taipei Branch,Taipei
Deutsche Schule Taipei / Taipei European School - German Section,Taipei
Deutsche Windtechnik Co. Ltd.,Taipei
DHL EXPRESS TAIWAN,Taipei
DHL Global Forwarding (Singapore) Pte Ltd Taiwan Branch,Taipei
DHL Supply Chain Taiwan,New Taipei City
Dirk Heindoerfer Photography,Taichung
"Dr. Gollek Co., Ltd.",Kaohsiung
"Draeger Safety Taiwan Co., Ltd.",New Taipei City
Dräger Medical Taiwan Ltd.,New Taipei City
"EFBE Co., Ltd.",Taichung
Eiger,Taipei
Eikelberg Consultancy Ltd.,Taipei
EJOT Baubefestigungen GmbH Taiwan Branch,Kaohsiung
EMV Testhaus GmbH Branch Office Taiwan,Taoyuan
ENERCON Taiwan Ltd.,Taichung
Engycon Ltd.,Taipei
EPEA Intl. Umweltforschung GmbH Taiwan Branch,Taipei
"Euler Hermes SA, Taiwan Branch",Taipei
Evonik Taiwan Ltd.,Taipei
Feinmetall-OCT Ltd.,Zhubei City
Fenix Biotechnology Ltd.,New Taipei City
"Fichtner Pacific Engineers, Inc.",Taipei
foodpanda,Taipei
Formosan Business Support Co.Ltd.,Kaohsiung
Frech Taiwan Ltd.,New Taipei City
Fresenius Kabi Taiwan Ltd.,Taipei
Freudenberg Far Eastern Spunweb Co. Ltd.,Taoyuan
Gandi.net,Taipei
GEMUE Taiwan Ltd.,Zhubei City
Germany Trade & Invest,Taipei
GfK Retail and Technology Taiwan Limited,New Taipei City
"Green Works Co., Ltd",Kaohsiung
"GTW-Dr. Gebert Technology and Bearing, Ltd. Taiwan Branch (Germany)",Taichung
Haefele Taiwan Limited,New Taipei City
Hamburg Invest,Taipei
HARTING Taiwan Limited,Taipei
Hartje Asia Co. Ltd.,Taipei
Hebie Asia Ltd.,Changhua
"HEIDENHAIN CO., LTD.",Taichung
Henkel,New Taipei City
Heraeus Materials Technology Taiwan Ltd.,Taipei
Hi-Yen Trading International Ltd.,Taipei
"Hsin Ho Hardware Co., Ltd.",New Taipei City
I LIANG CO. Ltd.,New Taipei City
iF Design Asia Ltd.,Taipei
IFB International Freightbridge (Taiwan ) Ltd.,Taipei
ifm electronic (Taiwan) Ltd.,Kaohsiung
igus Taiwan Company Limited,Taichung
Illies Engineering (Taipei) Ltd.,Taipei
"Infineon Technologies Taiwan Co., Ltd.",Taipei
ISRA SURFACE VISION GmbH,Taoyuan
Jonas & Redmann Taiwan Ltd.,Zhubei City
"Kaigo Co., Ltd.",Taipei
Karcher Limited (Taiwan),New Taipei City
"KEB Taiwan Co., Ltd.",Taichung
"Koerner Engineering Enterprise Co., Ltd.",Taipei
"KSB Taiwan Co., Ltd.",Taipei
KTR Taiwan Limited,Taichung
Kuehne + Nagel Ltd,Taipei
Kuhn Special Steel Taiwan Corp.,Douliu City
KUKA Automation Taiwan Ltd.,Taipei
Lenze Taiwan Representative Office,Taipei
LINDY,New Taipei City
Logwin Air + Ocean Taiwan Ltd.,Taipei
"LTi DRiVES Co.,Ltd",Hsinchu
Lufthansa Group,Taipei
MAGURA ASIA LIMITED COMPANY,Taichung
MAN Energy Solutions Taiwan Ltd.,Kaohsiung
manroland(Taiwan) Ltd.,New Taipei City
Manz Taiwan Ltd.,Taoyuan
"Mapal Precision Tools Systems Co., Ltd.",Tainan
Materna IPS GmbH,Taipei
Melchers Trading GmbH (Taiwan Branch),Taipei
Mercedes-Benz Taiwan Ltd.,Taipei
Merck Ltd.,Taipei
mh-international architects ltd,
MHE-Demag Taiwan Company Limited,Kaohsiung
MPC HANTEH INTERNATIONAL LTD.,Taipei
Munich Reinsurance Company Liaison Office Taipei,Taipei
Nadig International Co. Ltd.,Taipei
NIVEA Taiwan Ltd.,Taipei
NRW.INVEST GmbH,Taipei
OPEN MIND Technologies Taiwan Inc.,New Taipei City
"OSHIMA Co., Ltd.",New Taipei City
"OSRAM Taiwan Co., Ltd.",Taipei
Otto Software Partner Taipei,Taipei
People First Relocation,Taipei
Pepperl Fuchs Taiwan Ltd.,Taipei
Pilotfish,Taipei
Pilz Taiwan Ltd.,Taipei
"ProMinent Fluid Controls (Taiwan) Co., Ltd.",Kaohsiung
Rauschert Asia Ltd.,New Taipei City
"REMONDIS Taiwan Co., Ltd.",Taipei
Rhenus Logistics Taiwan Ltd.,Taipei
"Robert Bosch Taiwan Co., Ltd.",Taipei
Rohde&Schwarz Taiwan,Taipei
"Rohlig Taiwan Co., Ltd",Taipei
RWE Renewables Taiwan Ltd.,Taipei
Salzgitter Mannesmann International (HK) Limited,Taipei
SAP Taiwan,Taipei
"SAUTER ASIA CO., LTD",Taichung
SCHAEFER SYSTEMS INTERNATIONAL PTE LTD (TAIWAN BRANCH),New Taipei City
"Schaeffler Taiwan Co., Ltd.",Taipei
Schenker (H.K.) Ltd. Taiwan Branch,Taipei
SCHMID Taiwan Ltd.,Taoyuan
Schmoll Asia Pacific Taiwan Branch,Taoyuan
Schueco China (Beijing) Ltd. Taiwan Representative Office,Taipei
SCHUNK Intec Taiwan Ltd.,Taichung
"Shangri-La's Far Eastern Plaza Hotel, Taipei",Taipei
Siemens Taiwan Ltd.,Taipei
"Sigo Technology Co.,Ltd.",Kaohsiung
SIKA Dr. Siebert & Kühn GmbH & Co. KG  Taiwan Representative Office,Taipei
SMS group GmbH Taiwan Branch,Kaohsiung
"STOBER ANTRIEBSTECHNIK GmbH & Co., KG TAIWAN BRANCH (GERMANY)",Taichung
Sunworld Dynasty Hotel Taipei,Taipei
"SUSS MICROTEC TAIWAN CO., LTD",Hsinchu
Synergie CAD,Hsinchu
TAK Associés - Ecovis - Attorneys-at-law,Taipei
TGE Taiwan Branch,Taipei
"The Imaging Source Asia Co., Ltd.",New Taipei City
The Sherwood Taipei,Taipei
thyssenkrupp Industrial Solutions,Taipei
thyssenkrupp Materials Trading Asia Pte. Ltd. Representative Office Taiwan,Kaohsiung
"Trans-Link Exhibition Services Co., Ltd.",Taipei
"Trelleborg Sealing Solutions Taiwan Co., Ltd.",Taichung
"TRUMPF Taiwan Industries Co., Ltd",Taoyuan
TUV Rheinland Taiwan Ltd.,Taipei
TÜV SÜD Asia Ltd. Taiwan Branch,Taipei
VDE Global Services Taiwan Branch,Taipei
VIA Technologies Inc.,New Taipei City
VOLKSWAGEN FINANCIAL SERVICES TAIWAN LIMITED,Taipei
Wachtel Asia Inc.,Taoyuan
WACKER Chemicals Hong Kong Ltd. Taiwan Branch,Taipei
Wendel's German Bakery & Bistro,Taipei
"WITTENSTEIN CO., LTD.",Taoyuan
wpd Taiwan Energy Co. Ltd.,Taipei
WTS Consulting (Taiwan) Limited,Taipei
"Würth Electronics Taiwan Co., Ltd",Taipei
"Würth Taiwan Co., Ltd.",Houlong Township
Xylem Analytics Taiwan,Taipei
ZF TAIWAN LTD.,New Taipei City
Zum Fass Restaurant,Taipei
